month,volume,E_기쁨_mean,E_슬픔_mean,E_분노_mean,E_중립_mean,n_comments
2020-01,9.825417897114205,1.01753493809807,1.6773852896753527,5.15698576120452,0.7065884522659079,18497
2020-02,10.516075225237657,1.060320193310842,1.7336860104530798,4.869429653415711,0.6704960682397095,36903
2020-03,10.31144954084288,1.066983147299162,1.6911360830784066,5.041617655616147,0.6678678920122032,30074
2020-04,10.722143404583514,1.1214118628440064,1.7199025453162213,5.0694063133986065,0.7175115736912322,45348
2020-05,10.00820786330653,0.8528418333746116,1.8793345707434592,5.0743364282658625,0.7433398323163867,22207
2020-06,10.096213132628804,1.0166804929123712,1.7009207474226804,4.984395296391752,0.7514415270618556,24250
2020-07,10.300483565552913,1.0751465927141464,1.8581019821992872,4.793967571270087,0.7715061741494654,29746
2020-08,10.36970276478357,0.6679660541752933,1.7487784237954076,5.550616804692892,0.665335541948993,31878
2020-09,10.664059709410862,1.0317010687618313,1.934692984762439,4.71992911437519,0.7292160094446003,42789
2020-10,10.154285180632154,1.175334387159533,1.8132307879377432,4.7216260335603115,0.8150509940418288,25700
2020-11,10.198654046697536,0.8484414693525274,2.0695509077458496,4.786846932461104,0.7970644529796025,26866
2020-12,10.534280491349097,0.7470781341469094,1.9926144943588515,5.066750402464011,0.7539999018786089,37581
2021-01,10.523418670764814,0.7639784906691325,1.9204270342972427,5.103197713517148,0.7655375756556826,37175
2021-02,10.629610022590025,0.5797630454009434,1.756587521165941,5.739655902273827,0.6763119103773585,41340
2021-03,11.246678673238513,0.7810928813100334,1.8719897649561494,5.107695124895594,0.7767344435163918,76624
2021-04,11.323700131859479,0.8901122158919271,1.9076901756908615,5.068041315748136,0.7536789333335348,82759
2021-05,11.353249549100132,0.8880767104445044,1.925848476672024,4.8379158063607886,0.8077331844417592,85241
2021-06,11.142383386651293,0.9799798109654523,1.9832820308539147,4.605208408778156,0.7448856331933077,69035
2021-07,11.323784710206265,1.1489738388951984,1.8699241309837373,4.871971884590291,0.7703499172365464,82766
2021-08,11.266615635624179,0.961224645630509,2.0940746254813414,4.6826985812427235,0.820768205012985,78167
2021-09,10.765744395917798,0.9640622361143364,1.794667266566742,5.020099181426671,0.8046649872543225,47369
2021-10,10.953399672985048,0.9876362576994417,1.796879511391674,4.973218191681103,0.8134938732566889,57147
2021-11,11.003582075485388,1.1241264114715084,1.898720158351085,4.635926682532286,0.8447404093787445,60088
2021-12,10.837067952947244,1.0436329606996126,1.884900809154528,4.873683557429577,0.8404734831731242,50871
2022-01,10.596059567720177,1.0683892757529518,2.276128958625175,3.975106939163498,0.7792710294145238,39976
2022-02,10.917648820068036,1.3785106660319189,1.8417957415215813,4.324432410681901,0.8681911951396445,55140
2022-03,10.665274208812761,1.2454581329800891,1.9425280397282976,4.303333109637964,0.8754538037452441,42841
2022-04,11.313168796102914,0.9180939148512676,1.9060187503052801,4.9664313974503,0.7788782596285352,81892
2022-05,11.260610536355738,1.0460221495772146,2.0225338727010644,4.701572735813846,0.7960080225453352,77699
2022-06,11.316034284800084,1.001562366822117,2.0984890398407345,4.842475677913476,0.7853661478563688,82127
2022-07,11.791647516050498,0.7508969922735219,2.0764330592615576,5.21296436436285,0.7560322907759018,132143
2022-08,12.03115362225296,0.7533680425272775,2.099420092731561,5.101339530326854,0.7531740607728226,167904
2022-09,12.051381819850405,0.8671766933201039,2.071598221320804,5.255582265736715,0.6967966173723991,171335
2022-10,11.723947850874026,1.0569133346626933,1.8891586972540955,4.879806952620796,0.7367286885693926,123493
2022-11,11.915305820116469,1.2659395124617987,1.8850612641018611,4.671516915545985,0.7202223049312211,149537
2022-12,11.345240272109264,1.2261524779449156,1.8604855148945731,4.588350791144854,0.7875222842090326,84561
2023-01,8.55333223803211,1.3949540565309666,1.7617690571941926,4.352298077850666,0.8564061218768088,5183
2023-02,8.523970175695261,1.2448992896880589,1.7732221246026227,4.405315930483807,0.8319745926882575,5033
2023-03,8.67470962929122,1.3128640415402855,1.9568925754549726,4.238087339264354,0.7498157681134655,5852
2023-04,9.103868127465667,1.0283782174741352,1.839743366892869,4.6692394002391815,0.7551252963691735,8989
2023-05,8.792245847467877,0.8990375770330067,1.9970085911387117,4.6815634732983895,0.9354668301095792,6582
2023-06,8.370084326378025,0.783080347443511,1.7620456664614716,5.279173757966396,0.7861024292982329,4315
2023-07,8.870101048785726,0.9808451692067814,1.9908774101809557,4.834549038123682,0.8648487597724877,7115
2023-08,7.94873845481361,1.5688607644714765,1.854939591796185,3.969019408446662,0.8758037409484282,2831
2023-09,7.469083884921234,1.2325261085545092,1.9328521310466609,4.242054281713756,0.8362602338398972,1752
2023-10,7.492760300922379,1.1961033033288044,2.0536439825459865,4.2646821871516165,0.8044496193910257,1794
