month,y,season_sin,season_cos,cpi,가계신용,가계대출,판매신용,경제활동인구,비경제활동인구,취업자,실업자,실업률,고용률,경제활동참가율,소비자물가등락률,근로일수,국내총생산(시장가격 GDP),국민총소득(GNI),중위연령,평균연령,전체임금총액,전체근로일수,전체근로시간,총인구수,0~14세 구성비,15~64세 구성비,고령인구비율,E_기쁨,E_슬픔,E_분노,E_중립,T_0,T_1,T_2,T_3,T_4,T_5,T_6,T_7,T_8,T_9,volume,n_comments
2020-01,1092,0.49999999999999994,0.8660254037844387,100.09,535596.5951300123,505293.2456542492,30303.349475830448,27952.3,16713.0,26799.7,1152.7,4.1,60.0,62.6,0.4,19.6,170995.99929086704,172517.16325391768,43.9,42.9,4091969.0,19.3,157.6,51847509,12.441450176516678,71.98299729308114,15.575552530402184,9.8428,10.342632,11.465727,9.478133,9.40351943877092,5.579729825986222,6.240275845170769,0.0,8.531884740159228,0.0,0.0,6.251903883165888,0.0,0.0,9.825417897114205,18497
2020-02,993,0.8660254037844386,0.5000000000000001,100.16,536754.6065894476,507183.3806679045,29571.22592157216,27990.6,16707.6,26837.8,1152.8,4.1,60.0,62.6,0.1,19.8,169942.49607777828,171476.94427483153,43.9,42.9,3403361.0,19.3,157.1,51844627,12.417940628640263,71.91487750504984,15.667181866309887,10.574645,11.066314,12.0990305,10.116351,10.137096153698101,4.189654742026425,8.927181388251986,0.0,7.982074875081202,0.0,0.0,7.018401799069201,0.0,0.0,10.516075225237657,36903
2020-03,1149,1.0,6.123233995736766e-17,99.94,538811.72402254,509395.1467238463,29416.57729859739,27789.1,16923.1,26609.3,1179.7,4.2,59.5,62.2,-0.2,20.0,168793.3046313546,170279.3924712508,43.9,42.9,3473131.0,20.7,168.6,51843195,12.389242213949196,71.80681861910709,15.803939166943705,10.376283,10.836837,11.92915,9.907802,9.886392257107492,3.4011973816621555,8.064636475774222,0.0,8.659907293615413,0.0,0.0,7.273092595999522,0.0,0.0,10.31144954084288,30074
2020-04,1120,0.8660254037844387,-0.4999999999999998,99.5,541767.9474292895,511928.54382207454,29839.403606906137,27733.8,16990.9,26562.1,1171.7,4.2,59.4,62.0,-0.4,19.6,167548.4249515959,168924.50784317544,43.9,42.9,3358565.0,19.2,156.7,51842524,12.363456686638171,71.7626479760129,15.87389533734893,10.836729,11.264401,12.345349,10.390186,10.410877280366218,5.497168225293202,6.444131256700441,0.0,9.22631214148588,0.0,0.0,7.003065458786462,0.0,0.0,10.722143404583514,45348
2020-05,1152,0.49999999999999994,-0.8660254037844387,99.44,545518.9926377598,515150.39198457566,30368.60065280372,28208.6,16547.5,26930.2,1278.4,4.5,60.2,63.0,-0.1,18.5,167570.01131795932,168799.380803775,43.9,42.9,3287099.0,18.5,150.2,51841371,12.338875065630498,71.71662377524699,15.94450115912251,9.849034,10.639105,11.632367,9.711621,9.569621915779866,4.941642422609304,6.386879319362645,0.0,8.722091302389098,0.0,0.0,6.925595197110468,0.0,0.0,10.00820786330653,22207
2020-06,1135,1.2246467991473532e-16,-1.0,99.71,550064.8596479509,519060.69121134985,31004.168436290136,28283.3,16492.1,27055.2,1228.0,4.3,60.4,63.2,0.3,20.6,168858.06373044476,169904.01135304957,43.9,42.9,3351376.0,20.6,167.4,51839408,12.318242523139924,71.68377578694572,15.99798168991436,10.112756,10.627366,11.702493,9.810465,9.703938450075547,5.262690188904886,6.313548046277095,0.0,8.666991556504632,0.0,0.0,7.1853870155804165,0.0,0.0,10.096213132628804,24250
2020-07,1228,-0.4999999999999997,-0.8660254037844388,99.63,555405.5484598626,523659.44150239707,31746.10695736539,28243.8,16551.3,27106.0,1137.8,4.0,60.5,63.1,-0.1,21.3,171412.58218905234,172238.39949099917,43.9,42.9,3526470.0,21.3,173.1,51839852,12.297764661828124,71.64625585736626,16.055979480805615,10.372938,10.920024,11.867815,10.041083,9.949607488149681,5.840641657373398,5.501258210544727,0.0,8.786914938491025,0.0,0.0,7.4205789054108005,0.0,0.0,10.300483565552913,29746
2020-08,1185,-0.8660254037844384,-0.5000000000000004,100.19,560769.6139864435,528614.4256801112,32155.18830636016,27948.7,16863.9,27084.7,864.0,3.1,60.4,62.4,0.6,18.9,173202.95016191498,174097.6219072372,43.9,42.9,3378692.0,18.9,153.9,51839953,12.271658502468163,71.60348698618611,16.124854511345717,9.966201,10.928607,12.083586,9.962255,9.88644311792687,5.659482215759621,7.8083230503910555,0.0,8.738094230177667,0.0,7.148345743900068,7.583756300707112,0.0,0.0,10.36970276478357,31878
2020-09,1020,-1.0,-1.8369701987210297e-16,100.74,566157.0562276936,533925.6437444921,32231.41248327445,28011.7,16817.3,27011.7,1000.0,3.6,60.3,62.5,0.5,19.9,174229.16764903266,175481.67860176368,43.9,42.9,3815583.0,19.9,162.2,51841786,12.246711561982066,71.55811144315129,16.19517699486665,10.695268,11.3239975,12.215836,10.348283,6.966024187106113,5.4680601411351315,6.322565239927284,0.0,8.350193650720067,10.326759834294158,8.504310565585223,7.119635638017636,0.0,0.0,10.664059709410862,42789
2020-10,1147,-0.8660254037844386,0.5000000000000001,100.18,571567.8751836126,539593.0956955401,31974.77948810825,28116.4,16735.9,27088.4,1028.1,3.7,60.4,62.7,-0.6,18.4,174491.2346504054,176390.5695745787,43.9,42.9,3333568.0,18.4,150.5,51838016,12.217060930726978,71.51786248918168,16.265076580091336,10.315832,10.749378,11.706408,9.949789,9.640498092674719,5.389071729816501,6.410174881966167,0.0,7.902117546276448,7.5740450053721995,8.20685642839965,7.080867896690782,0.0,0.0,10.154285180632154,25700
2020-11,1061,-0.5000000000000004,0.8660254037844384,100.09,576376.3311698829,544473.3004681469,31903.030701735515,28208.0,16675.4,27241.3,966.7,3.4,60.7,62.8,-0.1,20.0,175166.72541294456,177247.66513684843,43.9,42.9,3297755.0,20.0,162.8,51834302,12.19040048036144,71.48448338322372,16.325116136414838,10.034307,10.925966,11.764497,9.971844,9.955842782870056,6.028278520230698,5.8998973535824915,0.0,7.910957382845589,3.8501476017100584,7.093404625868766,6.946975992135418,0.0,0.0,10.198654046697536,26866
2020-12,913,-2.4492935982947064e-16,1.0,100.33,580582.4241865044,548566.2580623127,32016.16612415622,27660.9,17255.1,26525.6,1135.4,4.1,59.1,61.6,0.2,20.5,176255.63993665,178052.96528857292,43.9,42.9,4003680.0,20.5,166.8,51829023,12.170129079994426,71.43736242143711,16.392508498568457,10.242704,11.223715,12.156959,10.251926,10.32094710549266,5.476463551931511,7.256297239690681,2.8903717578961645,8.005033344637111,2.6390573296152584,7.077498053569231,7.213768308118642,0.0,0.0,10.534280491349097,37581
2021-01,998,0.49999999999999994,0.8660254037844387,101.04,584186.1542334775,551871.9684780373,32314.185755370392,27388.0,17580.0,25818.1,1569.9,5.7,57.4,60.9,0.7,19.6,177757.97822152177,178806.47002975226,44.5,43.5,3877199.0,19.3,157.3,51825932,12.135332173090491,71.38196762192332,16.482700204986184,10.254211,11.175953,12.153264,10.25625,7.195187320178709,4.867534450455582,5.4680601411351315,10.35589985775146,7.43543801981455,4.836281906951478,6.823286122355687,7.170888478512505,0.0,0.0,10.523418670764814,37175
2021-02,1012,0.8660254037844386,0.5000000000000001,101.58,588354.3806918627,555715.5726006905,32638.808091146144,27717.9,17269.3,26364.6,1353.3,4.9,58.6,61.6,0.5,19.9,179258.77912659838,180406.1436927329,44.5,43.5,3950181.0,17.5,142.8,51824142,12.105250097531764,71.33467448433589,16.560075418132346,10.084492,11.192972,12.376989,10.238521,4.867534450455582,4.584967478670572,4.77912349311153,10.526909450604508,7.364547014255642,2.1972245773362196,7.201170883281678,6.641182169740591,0.0,0.0,10.629610022590025,41340
2021-03,1321,1.0,6.123233995736766e-17,101.84,593087.1035616598,560097.0704302724,32990.03313148348,28138.3,16868.7,26922.9,1215.4,4.3,59.8,62.5,0.3,19.6,180758.04265187983,182851.98627751484,44.5,43.5,3605594.0,20.8,168.7,51705905,12.101708692653188,71.31490880973847,16.583382497608348,10.999621,11.873674,12.877417,10.994025,5.484796933490655,6.280395838960195,5.703782474656201,11.058338387651427,8.200013648175434,1.791759469228055,8.713910628493924,7.763021309018518,0.0,0.0,11.246678673238513,76624
2021-04,1210,0.8660254037844387,-0.4999999999999998,101.98,598384.3228428694,565016.4619667829,33367.860876382416,28360.5,16666.8,27213.6,1147.0,4.0,60.4,63.0,0.1,20.2,182255.7687973661,186143.9977840981,44.5,43.5,3485974.0,20.8,169.0,51702100,12.07511106898946,71.28225352548543,16.642635405525112,11.2072935,11.969587,12.946645,11.0409155,6.901737206656574,4.990432586778736,3.7612001156935624,11.193174642992942,8.571681376700306,2.3978952727983707,7.335633981927201,7.641084249174914,0.0,3.784189633918261,11.323700131859479,82759
2021-05,1176,0.49999999999999994,-0.8660254037844387,102.05,603231.6200692698,569693.4171460734,33538.202923570345,28697.7,16351.2,27549.6,1148.2,4.0,61.2,63.7,0.1,18.6,183659.92373571312,188053.8773226704,44.5,43.5,3418087.0,18.6,151.9,51683025,12.049644926936844,71.2519168527771,16.69843822028606,11.234554,12.008611,12.929725,11.139729,6.082218910376446,5.049856007249537,3.1780538303479458,11.277582806199021,7.531552381407289,2.3978952727983707,7.878912912297133,6.9865664594064265,0.0,0.6931471805599453,11.353249549100132,85241
2021-06,1258,1.2246467991473532e-16,-1.0,102.05,607628.9952408607,574127.9359681436,33501.05927304724,28729.8,16338.5,27637.2,1092.5,3.8,61.3,63.7,0.0,20.8,184970.5074669207,188581.62489323152,44.5,43.5,3492441.0,20.8,168.9,51672400,12.027138278849057,71.2285301243991,16.744331596751845,11.12216,11.827129,12.66956,10.847864,8.226305988015508,5.916202062607435,5.659482215759621,10.977004230754469,7.21081845347222,3.2188758248682006,8.209852481301272,6.982862751468942,0.0,0.0,11.142383386651293,69035
2021-07,1128,-0.4999999999999997,-0.8660254037844388,102.26,611576.4483576423,578320.0184329937,33256.429924813136,28568.3,16521.6,27648.4,919.9,3.2,61.3,63.4,0.2,20.7,186187.51999098904,187727.24049578165,44.5,43.5,3769134.0,20.7,168.3,51671569,12.004537737183869,71.1933907019545,16.80207156086164,11.462652,11.9496765,12.907274,11.062878,5.7430031878094825,7.701200180857446,4.330733340286331,11.220498821487691,7.227662498728654,4.875197323201151,7.84971375760487,7.284134806195205,0.0,0.0,11.323784710206265,82766
2021-08,1080,-0.8660254037844384,-0.5000000000000004,102.75,614886.3406683559,581484.007581211,33402.33308714476,28346.4,16757.7,27602.7,743.7,2.6,61.2,62.8,0.5,19.6,187363.83312876435,187820.9640245829,44.5,43.5,3521416.0,19.6,159.2,51669716,11.977847913853443,71.14919694933101,16.872955136815538,11.227069,12.005721,12.81048,11.069104,5.849324779946859,6.4967749901858625,5.075173815233827,11.193036955048681,7.6760099320288875,2.772588722239781,7.285506548522785,6.621405651764134,0.0,0.0,11.266615635624179,78167
2021-09,1072,-1.0,-1.8369701987210297e-16,103.17,617558.6721730019,583619.9034127955,33938.768760042105,28438.6,16685.3,27682.7,755.9,2.7,61.3,63.0,0.4,18.4,188499.44688024663,188862.79547963545,44.5,43.5,3961463.0,18.4,149.4,51667688,11.946936739263425,71.1077840370949,16.94527922364167,10.729146,11.350554,12.379177,10.54842,4.969813299576001,7.8407064517494,5.159055299214529,8.206037762778815,8.953898535260459,10.22248658949386,8.30622521603216,7.347299700743164,0.0,0.0,10.765744395917798,47369
2021-10,1072,-0.8660254037844386,0.5000000000000001,103.35,619593.44287158,584727.7059277475,34865.73694350519,28528.1,16620.0,27740.7,787.5,2.8,61.4,63.2,0.2,18.6,189594.36124543595,190852.734860939,44.5,43.5,3455238.0,18.6,151.4,51662290,11.9157280871599,71.06480955451259,17.019462358327512,10.940959,11.539444,12.557453,10.746986,5.236441962829949,7.509883061154913,3.295836866004329,10.656882813441431,8.116417072794205,7.4489161025442,8.701346403039162,7.340835554123275,2.3978952727983707,0.0,10.953399672985048,57147
2021-11,983,-0.5000000000000004,0.8660254037844384,103.87,620735.8398267897,585326.8238344248,35409.015991992055,28528.4,16652.7,27794.6,733.8,2.6,61.5,63.1,0.5,20.8,190472.6189026563,192228.4935605607,44.5,43.5,3429543.0,20.8,168.6,51652704,11.886717489175396,71.03562864782451,17.077653863000087,11.120586,11.644754,12.537405,10.834859,7.239214973779806,8.166216268592143,6.124683390894205,10.81299533211345,7.404279118037268,4.634728988229636,7.734121303328305,6.939253946041508,0.0,0.6931471805599453,11.003582075485388,60088
2021-12,1042,-2.4492935982947064e-16,1.0,104.04,620985.8630386307,585417.2571328274,35568.60590550274,28277.5,16928.5,27298.4,979.1,3.5,60.4,62.6,0.2,21.3,191134.2198519077,192990.0715785004,44.5,43.5,4304510.0,21.3,172.4,51638809,11.860354873792692,70.99937180967903,17.140273316528273,10.879775,11.470934,12.420902,10.663281,6.066108090103747,8.523970175695261,4.6913478822291435,10.452157943275468,8.268988209506656,3.9318256327243257,8.693831965074693,6.643789733147672,0.0,0.0,10.837067952947244,50871
2022-01,1004,0.49999999999999994,0.8660254037844387,104.85,620343.5125071037,584999.0058229556,35344.5066840372,28095.8,17104.0,26952.6,1143.2,4.1,59.6,62.2,0.8,19.3,191579.16409319,193137.4689147581,45.1,44.0,4721940.0,19.3,156.7,51632473,11.819189834273482,70.94231376444046,17.238496401286067,10.66221,11.418522,11.976092,10.34667,5.030437921392435,7.777373602657861,0.0,7.4377951216719325,8.510168576479273,4.0943445622221,8.028129059431759,2.0794415416798357,10.227272501968187,0.0,10.596059567720177,39976
2022-02,879,0.8660254037844386,0.5000000000000001,105.42,620226.6759918942,584782.8459677709,35443.83002414292,28355.7,16856.9,27401.5,954.2,3.4,60.6,62.7,0.5,19.8,192180.85208361808,193773.441562754,45.1,44.0,3694897.0,17.4,141.4,51625561,11.787364402684169,70.88953667738352,17.323098919932317,11.238647,11.528381,12.381916,10.776308,4.204692619390966,8.004365564979574,3.871201010907891,7.681099001536359,9.753826777981722,4.1588830833596715,7.65491704784832,1.9459101490553132,10.324432231492679,1.3862943611198906,10.917648820068036,55140
2022-03,1109,1.0,6.123233995736766e-17,106.1,620635.3534930021,584768.7775672735,35866.57592581988,28627.1,16592.2,27754.0,873.1,3.0,61.4,63.3,0.6,19.7,192939.283823192,194897.98952248791,45.1,44.0,3836748.0,19.8,160.4,51610695,11.752172684363192,70.84194661590975,17.405880699727064,10.884773,11.329253,12.124646,10.532265,4.23410650459726,8.216898580913613,0.0,6.666956792429207,8.964567702601611,3.4965075614664802,7.8709295967551425,2.0794415416798357,10.217458523810828,6.07073772800249,10.665274208812761,42841
2022-04,1198,0.8660254037844387,-0.4999999999999998,106.83,621569.5450104276,584956.8006214632,36612.7443890681,28942.1,16291.3,28078.2,863.8,3.0,62.1,64.0,0.7,20.0,193854.45931191163,196511.1127939601,45.1,44.0,3579506.0,20.0,162.3,51592660,11.722192652985909,70.82496037227001,17.452846974744084,11.227715,11.958179,12.915861,11.0632715,3.871201010907891,6.171700597410915,0.6931471805599453,7.114769448366463,8.802973456578423,3.4657359027997265,8.105609402299896,0.6931471805599453,10.968611997043249,9.402447229504935,11.313168796102914,81892
2022-05,1181,0.49999999999999994,-0.8660254037844387,107.5,622267.1792349633,585095.0020654134,37172.177169579074,29373.9,15871.3,28484.5,889.4,3.0,63.0,64.9,0.6,20.0,194360.48370015773,197343.33401635807,45.1,44.0,3591704.0,20.0,161.8,51583722,11.690887679644366,70.79575413344543,17.513358186910207,11.305605,11.964955,12.808497,11.032468,4.867534450455582,6.645090969505644,0.0,6.617402977974478,8.270013062273787,3.6109179126442243,8.022896869601457,1.3862943611198906,10.863909995770191,9.729669736233394,11.260610536355738,77699
2022-06,1065,1.2246467991473532e-16,-1.0,108.21,622728.2561666091,585183.3818991233,37544.8742673528,29366.1,15882.3,28478.4,887.7,3.0,62.9,64.9,0.7,19.3,194457.35698793057,197394.65318968185,45.1,44.0,3662766.0,19.3,156.7,51578178,11.660219948056326,70.77169534759447,17.568084704349193,11.3175955,12.057245,12.893451,11.074432,5.707110264748875,6.591673732008658,2.1972245773362196,8.536995818712418,7.576097340623111,3.6635616461296463,7.7336835707759,0.0,10.812028330950222,10.00374004442522,11.316034284800084,82127
2022-07,1124,-0.4999999999999997,-0.8660254037844388,108.73,622952.7758053654,585221.9401225935,37730.83568238928,29311.0,15946.6,28474.6,836.4,2.9,62.9,64.8,0.5,19.9,194145.0791752298,196665.07031393144,45.1,44.0,3919370.0,19.9,161.7,51574446,11.62487135586488,70.7430846663869,17.632043977748204,11.505163,12.522295,13.44279,11.511979,3.367295829986474,7.1459844677143876,2.8903717578961645,8.085794701281568,8.095293776844649,3.6888794541139363,8.27563105457801,0.0,11.100148691666671,10.899716371226633,11.791647516050498,132143
2022-08,1098,-0.8660254037844384,-0.5000000000000004,108.63,623072.6386302804,585007.301613266,38065.33701660644,29024.5,16245.9,28410.0,614.6,2.1,62.8,64.1,-0.1,20.1,193929.30034063227,196207.2718595453,45.1,44.0,3701953.0,20.1,162.9,51558441,11.58853697690355,70.67160157150602,17.73986145159044,11.747954,12.772812,13.660652,11.747697,4.007333185232471,6.950814768442584,0.0,7.4360278163518485,8.65817178467581,3.258096538021482,8.245384468120747,3.367295829986474,11.441783858032416,11.040727429775957,12.03115362225296,167904
2022-09,1096,-1.0,-1.8369701987210297e-16,108.82,623087.844641354,584539.4663711406,38548.37827000429,29092.7,16190.8,28389.2,703.5,2.4,62.7,64.2,0.2,19.0,193810.0204841379,196021.2578265233,45.1,44.0,4084630.0,19.0,154.4,51466658,11.566319305209207,70.64205917547629,17.791621519314504,11.908871,12.779699,13.710668,11.690123,3.4339872044851463,7.190676034332207,0.6931471805599453,6.687108607866515,9.280985211545515,11.593546466937843,7.57095858316901,0.0,9.498822124598528,10.456481464162664,12.051381819850405,171335
2022-10,1129,-0.8660254037844386,0.5000000000000001,109.16,622998.3938385869,583818.4343962175,39179.959442582855,29110.0,16192.0,28417.8,692.3,2.4,62.7,64.3,0.3,18.6,193787.2396057468,196107.02821486568,45.1,44.0,3631459.0,18.6,151.0,51459626,11.521768541419249,70.60309182969966,17.875139628881094,11.7793,12.360076,13.309047,11.418415,5.673323267171493,6.586171654854675,0.6931471805599453,6.843749949006225,10.410124415680665,7.97349996402463,7.155396301896734,0.6931471805599453,10.780891915357783,10.493327663230145,11.723947850874026,123493
2022-11,987,-0.5000000000000004,0.8660254037844384,109.07,622078.462808955,582690.6075048236,39387.855304540346,29086.5,16231.1,28420.9,665.6,2.3,62.7,64.2,-0.1,20.7,194072.48968183887,196519.549650802,45.1,44.0,3584826.0,20.7,167.9,51450829,11.482868429583515,70.57337015891424,17.943761411502233,12.151119,12.549263,13.456784,11.587113,5.634789603169249,8.036573409707312,0.0,6.646390514847729,9.52039529527969,5.517452896464707,8.512582578858554,0.0,11.29990549682687,10.730466080729594,11.915305820116469,149537
2022-12,1036,-2.4492935982947064e-16,1.0,109.26,620328.0515524581,581155.9856969588,39172.06585587678,28673.9,16657.8,27807.8,866.2,3.0,61.3,63.3,0.2,20.6,194665.77071241435,197258.82213433235,45.1,44.0,4433753.0,20.6,166.6,51439038,11.451602185872916,70.53233382786047,18.016063986266616,11.549119,11.966072,12.868752,11.1063795,4.672828834461906,7.183870715062453,0.0,6.440946540632921,8.915835074176277,4.897839799950911,7.4377951216719325,0.0,10.613270586747499,10.390962662693868,11.345240272109264,84561
2023-01,1007,0.49999999999999994,0.8660254037844387,110.07,617747.160069097,579214.5689726233,38532.59109659216,28386.9,16965.0,27363.1,1023.8,3.6,60.3,62.6,0.7,19.4,195567.08269747297,198324.8456654568,45.7,44.6,4694110.0,19.0,153.8,51430018,11.406719709878384,70.48950673126345,18.103773558858176,8.886139,9.119567,10.023888,8.398354,4.663439094112067,3.8918202981106265,0.0,6.47543271670409,5.10594547390058,5.805134968916488,2.1972245773362196,0.0,7.991253929840199,6.8308742346461795,8.55333223803211,5183
2023-02,1072,0.8660254037844386,0.5000000000000001,110.33,616477.6654841838,578382.5616418219,38095.10384232689,28603.9,16750.9,27713.8,890.1,3.1,61.1,63.1,0.2,19.3,196439.19867063293,199364.2422991453,45.7,44.6,3900997.0,18.9,152.9,51421479,11.374351951253676,70.44282020748567,18.182827841260654,8.742986,9.096682,10.006629,8.340057,4.5217885770490405,1.0986122886681098,0.0,6.754604099487962,6.586171654854675,5.3981627015177525,1.0986122886681098,0.0,7.643482907077201,6.9584483932976555,8.523970175695261,5033
2023-03,1281,1.0,6.123233995736766e-17,110.52,616519.5677977189,578659.9637045545,37859.60409308097,29062.7,16304.2,28223.2,839.5,2.9,62.2,64.1,0.2,19.3,197282.1186318941,200377.0120353979,45.7,44.6,3897187.0,20.6,166.1,51414281,11.33693574359233,70.38593421154718,18.27713004486049,8.94688,9.3459835,10.118691,8.386839,3.713572066704308,1.0986122886681098,0.0,5.720311776607412,7.599901959208498,5.840641657373398,0.6931471805599453,0.0,7.273786317844895,7.45298232946546,8.67470962929122,5852
2023-04,1185,0.8660254037844387,-0.4999999999999998,110.77,617872.8670097019,580046.7751608214,37826.091848854434,29236.4,16135.1,28432.0,804.4,2.8,62.7,64.4,0.2,19.2,198095.84258125667,201363.1548742147,45.7,44.6,3705514.0,19.2,154.6,51408155,11.29944072102957,70.35148800807966,18.34907127089077,9.131848,9.713444,10.644777,8.823032,4.343805421853684,0.6931471805599453,0.6931471805599453,5.948034989180646,6.704414354964107,3.912023005428146,1.0986122886681098,0.0,8.70267641154777,7.406103381237015,9.103868127465667,8989
2023-05,1317,0.49999999999999994,-0.8660254037844387,111.13,619514.7492826713,581579.8409697721,37934.90831290697,29622.6,15756.4,28835.2,787.4,2.7,63.5,65.3,0.3,19.2,198948.1916326548,202133.37442825787,45.7,44.6,3703213.0,19.2,154.7,51400521,11.268691225911894,70.3134098582386,18.41789891584951,8.685833,9.48382,10.335758,8.725547,3.7612001156935624,0.6931471805599453,0.0,6.501289670540389,5.135798437050262,4.3694478524670215,1.6094379124341003,0.0,8.41847721847708,6.9985096422506015,8.792245847467877,6582
2023-06,1280,1.2246467991473532e-16,-1.0,111.16,621445.2146166269,583259.1611314067,38186.053485238575,29618.3,15764.8,28811.7,806.6,2.7,63.5,65.3,0.0,19.8,199839.16578608847,202687.6706975274,45.7,44.6,3736876.0,19.8,159.3,51392745,11.2413318261167,70.28800271322343,18.470665460659863,8.125628,8.93646,10.033666,8.129479,3.1780538303479458,0.6931471805599453,0.0,6.156978985585555,4.442651256490317,3.8501476017100584,0.0,0.6931471805599453,7.793999089503996,7.142827401161621,8.370084326378025,4315
2023-07,1229,-0.4999999999999997,-0.8660254037844388,111.29,623664.2630115689,585084.7356457252,38579.52736584924,29492.5,15906.8,28685.7,806.8,2.7,63.2,65.0,0.1,19.7,200768.7650415577,203026.0436820234,45.7,44.6,3962662.0,19.7,158.9,51387133,11.20680735389538,70.25831349649337,18.53487914961125,8.850763,9.558606,10.445778,8.724922,3.1780538303479458,0.0,0.0,6.444131256700441,4.406719247264253,4.02535169073515,1.3862943611198906,0.0,8.089789175789319,8.028129059431759,8.870101048785726,7115
2023-08,1220,-0.8660254037844384,-0.5000000000000004,112.28,625422.7376193777,586500.7829472608,38921.954672114975,29251.3,16163.3,28678.0,573.3,2.0,63.1,64.4,0.9,20.0,201780.1660742568,203887.42916662985,45.7,44.6,3742315.0,20.0,161.1,51377213,11.174259296626309,70.20040187855265,18.62533882482104,8.39896,8.566428,9.326993,7.8161755,4.189654742026425,0.0,0.0,5.924255797414532,4.812184355372417,4.04305126783455,0.6931471805599453,1.3862943611198906,7.488293515159428,6.054439346269371,7.94873845481361,2831
2023-09,1169,-1.0,-1.8369701987210297e-16,112.85,626720.6384400533,587507.3030360136,39213.33540403578,29359.3,16071.2,28697.9,661.4,2.3,63.2,64.6,0.5,18.3,202873.3688841856,205271.82715134675,45.7,44.6,4315697.0,18.3,148.0,51370001,11.133408387513953,70.15685282933906,18.709738783147,7.678042,8.127806,8.913695,7.29038,3.2188758248682006,0.0,0.0,5.87493073085203,4.6443908991413725,3.784189633918261,1.3862943611198906,0.0,6.726233402358747,5.971261839790462,7.469083884921234,1752
2023-10,1150,-0.8660254037844386,0.5000000000000001,113.27,627557.9654735957,588104.2959119835,39453.66956161166,29390.3,16061.7,28763.9,626.5,2.1,63.3,64.7,0.4,18.2,204048.3734713444,207179.23763617425,45.7,44.6,3792170.0,18.2,146.9,51354226,11.098656223540395,70.10559169950298,18.795752076956624,7.671738,8.2120905,8.942701,7.2752986,3.091042453358316,0.0,0.0,5.814130531825066,4.454347296253507,4.04305126783455,0.0,0.0,6.930494765951626,5.6240175061873385,7.492760300922379,1794
