column,설명,단위/변환,출처
month,기준 월,YYYY-MM,-
y,월별 자살자수 (예측 타겟),명,통계청/KOSIS
season_sin,계절성 sin 변환,"sin(2π×month/12)",달력
season_cos,계절성 cos 변환,"cos(2π×month/12)",달력
cpi,소비자물가지수,지수,KOSIS
가계신용,가계신용 잔액,억원,KOSIS
가계대출,가계대출 잔액,억원,KOSIS
판매신용,판매신용 잔액,억원,KOSIS
경제활동인구,경제활동인구,천명,KOSIS
비경제활동인구,비경제활동인구,천명,KOSIS
취업자,취업자수,천명,KOSIS
실업자,실업자수,천명,KOSIS
실업률,실업률,%,KOSIS
고용률,고용률,%,KOSIS
경제활동참가율,경제활동참가율,%,KOSIS
소비자물가등락률,소비자물가 전월대비 등락률,%,KOSIS
근로일수,월 근로일수,일,KOSIS
국내총생산(시장가격 GDP),국내총생산,십억원,KOSIS
국민총소득(GNI),국민총소득,십억원,KOSIS
중위연령,인구 중위연령,세,KOSIS
평균연령,인구 평균연령,세,KOSIS
전체임금총액,전체 임금총액,원,KOSIS
전체근로일수,전체 근로일수,일,KOSIS
전체근로시간,전체 근로시간,시간,KOSIS
총인구수,총인구수,명,KOSIS
0~14세 구성비,유소년인구 구성비,%,KOSIS
15~64세 구성비,생산연령인구 구성비,%,KOSIS
고령인구비율,고령인구(65세 이상) 비율,%,KOSIS
E_기쁨,기쁨 그룹 감정확률 월별 합,log1p(Σ 확률),KOTE 44감정 추론 결과
E_슬픔,슬픔 그룹 감정확률 월별 합,log1p(Σ 확률),KOTE 44감정 추론 결과
E_분노,분노 그룹 감정확률 월별 합,log1p(Σ 확률),KOTE 44감정 추론 결과
E_중립,중립 그룹 감정확률 월별 합,log1p(Σ 확률),KOTE 44감정 추론 결과
T_0,토픽 클러스터 0번 월별 뉴스건수,log1p(건수),TF-IDF+KMeans(K=10, random_state=42) — 데이터 갱신 시 클러스터 정의/인덱스 변경될 수 있음
T_1,토픽 클러스터 1번 월별 뉴스건수,log1p(건수),상동
T_2,토픽 클러스터 2번 월별 뉴스건수,log1p(건수),상동
T_3,토픽 클러스터 3번 월별 뉴스건수,log1p(건수),상동
T_4,토픽 클러스터 4번 월별 뉴스건수,log1p(건수),상동
T_5,토픽 클러스터 5번 월별 뉴스건수,log1p(건수),상동
T_6,토픽 클러스터 6번 월별 뉴스건수,log1p(건수),상동
T_7,토픽 클러스터 7번 월별 뉴스건수,log1p(건수),상동
T_8,토픽 클러스터 8번 월별 뉴스건수,log1p(건수),상동
T_9,토픽 클러스터 9번 월별 뉴스건수,log1p(건수),상동
volume,월별 댓글 수(모델 입력용),log1p(n_comments),유튜브뉴스 댓글 원본
n_comments,월별 댓글 수(원본),건,유튜브뉴스 댓글 원본
